https://www.booking.com/index.html?aid=1743217,0
https://travelsites.com/expedia/,0
https://travelsites.com/tripadvisor/,0
https://www.momondo.in/?ispredir=true,0
https://www.ebookers.com/?AFFCID=EBOOKERS-UK.network.affiliatewindow.85386&awc=7904_1606029543_518c2af76500871f76cadec26f8eb055,0
https://book.priceline.com/?refid=8431&refclickid=d196c1c3cad4c6e474196ac6815f9652,0
https://www.trip.com/index?locale=en_us&allianceid=21934&SID=455408&ouid=198c18a52c8911eb811b00ce0a18050d,0
https://www.orbitz.com/,0
https://www.travelocity.com/,0
https://www.hotwire.com/,0
https://www.otel.com/,0
https://www.ebookers.com/?AFFCID=EBOOKERS-UK.network.affiliatewindow.85386&awc=7904_1606041576_a3c281bcb3eae0af35b22b076d1074ae,0
https://www.airbnb.co.in/?locale=en&_set_bev_on_new_domain=1606041642_YjI0OGQ3OWI5MDI2,0
https://in.lastminute.com/,0
https://www.onthebeach.co.uk/?Adnetwork=aw&afid=85386&mv_pc=AW&awc=3655_1606041657_3771582e5a1d8da6c1b3321d83f9f0c4&utm_source=AWIN&utm_medium=affiliates&utm_campaign=85386,0
https://www.kayak.co.in/?ispredir=true,0
https://www.marriott.com/default.mi?aff=MARWW&affname=10l1110&co=WW&nt=PH,0
https://www.costcotravel.com/,0
https://www.hoteltonight.com/,0
https://hoteltravelclub.com/,0
https://www.wyndhamhotels.com/en-uk/ramada,0
https://westin.marriott.com/,0
https://www.capellahotels.com/en/capella-ubud,0
http://www.hotelamparo.com/,0
https://fogoislandinn.ca/,0
https://www.ritzcarlton.com/en/hotels/indonesia/bali#Hotel,0
https://secretbay.dm/,0
https://canaves.com/canaves-oia-epitome/,0
https://www.sunsetkeycottages.com/,0
https://www.twinfarms.com/,0
https://www.pueblobonito.com/resorts/emerald-bay,0
https://nihi.com/,0
https://www.viceroyhotelsandresorts.com/los-cabos,0
https://www.mandarinoriental.com/munich/altstadt/luxury-hotel,0
https://northblockhotel.com/,0
https://www.milestonehotel.com/?cjevent=4ec1f2f92cc511eb834e01140a180510,0
https://www.rockhouse.com/,0
https://www.affordabletours.com/,0
https://www.totallyspain.com/,0
https://dreamworldtravel.co.uk/,0
https://www.joytours.com/,0
https://njewasafaris.com/,0
https://www.nepalspiritualtrekking.com/,0
https://www.aandftour.com//,0
https://inkaexperience.com/,0
http://www.peru-travels.com/,0
https://www.shiptoshoretravelltd.com/,0
https://www.hnltravel.com/index.html,0
https://islanddreamsworldtravel.com/,0
http://www.okeanostravel.com/,0
https://www.discovermongolia.mn/,0
https://www.turansa.com/,0
https://albatros-travel.com/,0
http://www.kenyadreamholidays.com/,0
https://fts-travels.com/,0
http://www.aimadventures.com/,0
https://www.nbitravel.com/,0
http://www.justcruisinplus.com/,0
https://www.dwwatsontravel.com/,0
http://essentialdownunder.com/,0
https://www.phuket-trips.com/,0
http://www.golfholidaysintl.com/,0
http://www.zentravel.gr/,0
https://circuitosturquia.com/,0
http://www.jjbtravel.com/,0
https://www.ethiousatour.com/,0
https://agavetravelcreative.com/,0
https://www.oberoihotels.com/hotels-in-jaipur-rajvilas-resort/?utm_source=affred&utm_medium=aff&utm_campaign=gbl-affmkt&_affclk=ttuk:118609::0::118609::143859c9f626eb0724f38065d097d658::::1606071865:902jip,0
https://www.jumeirah.com/en/stay/dubai/burj-al-arab-jumeirah,0
https://tierrahotels.com/patagonia/,0
https://www.hotelcaferoyal.com/,0
https://www.ritzparis.com/en-GB,0
https://www.thehousecollective.com/en/the-middle-house/,0
https://www.grandhoteltremezzo.com/en/home/,0
https://www.waldorfastorialoscabospedregal.com/,0
https://www.andbeyond.com/our-lodges/africa/south-africa/kruger-national-park/ngala-private-game-reserve/andbeyond-ngala-safari-lodge/,0
https://novotel.accor.com/gb/usa/index.shtml,0
https://www.delta.com/apac/en,0
https://www.jal.co.jp/inl/en/,0
https://www.spicejet.com/,0
https://www.airnewzealand.co.nz/homepage,0
https://www.finnair.com/,0
https://www.britishairways.com/travel/home/public/en_in/,0
https://www.airvistara.com/in/en,0
https://www.singaporeair.com/en_UK/in/home#/book/bookflight,0
https://www.olacabs.com/,0
https://www.meru.in/,0
https://www.carzonrent.com/,0
https://www.bharattaxi.com/,0
https://www.megacabs.com/,0
http://www.mytaxiindia.com/,0
https://www.zoomcar.com/bangalore/,0
https://www.lyft.com/,0
https://www.grab.com/sg/transport/taxi/,0
http://www.bitaksi.com/en/,0
https://www.avaseakrabi.com/,0
https://www.fariyas.com/resort-in-lonavala/,0
https://www.fernhotels.com/,0
https://www.tajhotels.com/,0
https://www.montriresort-bangkok.com/,0
https://www.tridenthotels.com/,0
https://www.tropicanaalibaug.com/,0
https://www.anantara.com/en/riverside-bangkok,0
http://sunbeachresortgorai.com/,0
https://waterfrontshaw.com/,0
https://www.alliancehospitality.in/moksh_farms.html,0
https://www.silenthillsresort.com/,0
https://www.fubo.tv/lp/StreamTV/?irad=343747&irmp=398453&subId1=streamingservices&subId2=ckhgo1ujg00003r8zaneft7pl,0
https://www.hulu.com/,0
https://tv.youtube.com/,0
https://www.attwatchtv.com/,0
https://www.klowdtv.com/,0
https://corporate.pluto.tv/,0
https://www.xumo.tv/,0
https://www.zee5.com/,0
https://www.netflix.com/in/,0
https://www.bravotv.com,0
https://watch.diynetwork.com/watch/diy,0
https://abc.com,0
https://www.plex.tv,0
https://www.popcornflix.com/pages/discover/d/movies,0
https://www.netflix.com/in/,0
https://www.aetv.com,0
https://www.amebatv.com,0
https://www.ahctv.com,0
https://www.amc.com,0
https://www.cbs.com,0
https://www.contv.com/browse-movie/,0
https://www.epix.com,0
https://www.freeform.com,0
https://www.hmnow.com,0
https://www.here.tv,0
https://www.criterionchannel.com,0
https://upfaithandfamily.com,0
https://tubitv.com,0
https://www.iflix.com,0
https://www.vudu.com,0
https://123moviesfree.net/home,0
https://putlocker-is.org,0
https://www.kanopy.com,0
https://www.apple.com/itunes/,0
https://www.spotify.com/in/,0
https://music.youtube.com,0
https://music.amazon.in,0
https://www.hungama.com,0
https://soundcloud.com,0
https://www.jamendo.com/?language=en,0
https://www.soundclick.com,0
https://www.idagio.com,0
https://tidal.com,0
https://gaana.com,0
https://www.jiosaavn.com,0
https://www.apple.com/in/apple-music/,0
https://www.livexlive.com,0
https://us.napster.com,0
https://www.primephonic.com,0
https://groovesharks.org,0
https://www.murfie.com,0
https://www.anghami.com,0
https://www.epidemicsound.com,0
https://www.last.fm,0
https://blip.fm,0
https://www.jango.com,0
https://www.iheart.com/podcast/,0
https://vimeo.com,0
https://www.twitch.tv,0
https://livestream.com,0
https://www.periscope.tv,0
https://www.dacast.com,0
https://video.ibm.com,0
https://www.shoutcast.com,0
https://www.panopto.com,0
https://streamlabs.com,0
https://corp.kaltura.com,0
https://www.vplayed.com,0
https://dlive.tv,0
https://www.vmix.com,0
http://www.live555.com,0
https://www.facebook.com/formedia/solutions/facebook-live,0
https://clipbucket.com,0
https://www.ventunotech.com,0
https://www.shift72.com,0
https://instagib.tv,0
https://switchboard.live,0
https://streamyard.com,0
https://www.primevideo.com,0
https://mubi.com,0
https://www.sho.com/video/full-episodes,0
https://azm.to,0
https://www.broadwayhd.com,0
https://www.cameleon.live,0
https://www.hidive.com,0
https://www.medici.tv/en/,0
http://www.metacdn.com,0
https://quibi.com,0
https://www.shemarooent.com,0
https://www.siriusxm.com,0
https://www.att.com/tv/,0
https://tunein.com,0
https://www.purevolume.com/?safari=1,0
https://wynk.in/music,0
https://watch.mhzchoice.com,0
https://www.pantaya.com/en/movies,0
https://spuul.com,0
https://solarmovie.mom,0
https://gostreamsite.ga,0
https://www.imdb.com/tv/,0
https://moviestars.to,0
https://www.stream4u.net,0
https://ww5.fmovie.sc,0
http://www.streamlord.com/index.html,0
https://flixtor.is/home,0
https://www.yidio.com,0
https://sports.inquirer.net/,0
https://wwos.nine.com.au/,0
https://www.essentiallysports.com/,0
https://www.insidesport.co/,0
https://www.sportsnet.ca/,0
https://www.theroar.com.au/,0
https://canoe.com/category/sports/,0
https://sportscafe.in/,0
https://www.footballcritic.com/,0
https://www.whatproswear.com/,0
https://www.sportscrunch.in/,0
https://arysports.tv/,0
https://usatodayhss.com/,0
https://www.thesportsnews.in/,0
https://unafraidshow.com/,0
https://worldinsport.com/,0
http://www.indiansportsnews.com/,0
https://www.sportsnewsireland.com/,0
https://westwoodonesports.com/,0
https://xtratime.in/,0
https://www.sportelo.com.ng/,0
https://sportsrenegade.com/,0
https://www.thesportsmirror.com/,0
https://franchisesports.co.uk/,0
https://pacificnwsports.com/,0
https://247sportsgist.com/,0
https://www.sportelo.com.ng/,0
https://sportsrenegade.com/,0
https://prosportsoutlook.com/,0
https://www.sportskanazee.com/,0
https://tksportstalk.com/,0
https://daenadsports.blogspot.com/,0
https://sportsevolve.blogspot.com/,0
https://www.sportspac12.com/,0
http://www.manunitedforever.net/,0
https://sportsration.com/,0
https://www.footballaudit.com/,0
https://www.csipacific.ca/,0
https://www.thebuzzsports.com/,0
https://prosportsoutlook.com/,0
https://www.sporttechie.com/,0
https://sportsnewsmoney.com/,0
https://globalmoneyworld.com/index.php/category/global-world-sports/,0
https://www.scout.com/,0
https://sportsevolve.blogspot.com/,0
https://seriouslysports.com/,0
https://sportstar.thehindu.com/,0
https://sportsinfonow.com/,0
https://www.sportsmanagement.co.uk/index.cfm,0
https://www.completesports.com/,0
https://sportgrill.blog/,0
https://blog.betzcenter.com/,0
https://www.sportsplatform.in/,0
https://sportspages.in/blog/,0
https://benwsportblog.wordpress.com/,0
https://www.sportshype.online/,0
http://kridangan.com/,0
https://www.athletesanon.com/blog,0
http://dailysport.co.ke/,0
https://sportsvilla.wordpress.com/,0
https://www.goal.com/en,0
https://www.101greatgoals.com/,0
https://www.thisisanfield.com/,0
https://sport360.com/,0
https://www.criclines.com/,0
https://www.cricadium.com/,0
https://cricblog.net/,0
https://www.cricxtasy.com/,0
https://www.beforeyoubet.com.au/,0
https://www.zerocric.com/,0
https://www.thefulltoss.com/,0
https://www.sweepcricket.com/,0
https://caribbeancricket.com/news,0
https://cricket-cup.blogspot.com/,0
https://www.mycricket.ae/,0
https://caughtatpoint.com/,0
https://www.qldcricket.com.au/,0
https://www.starsandstripesfc.com/,0
https://www.yoursoccerdose.com/,0
https://www.liverpoolecho.co.uk/,0
https://www.football.london/,0
http://www.avillafan.com/,0
http://www.just-football.com/,0
https://onefootball.com/en/home,0
https://www.nottinghampost.com/sport/football/,0
https://www.soccerstats.com/,0
https://www.diariogol.com/,0
https://crickettimes.com/,0
http://www.legaseriea.it/en,0
https://arseblog.com/,0
https://sportslens.com/,0
https://www.transfermarkt.com/,0
https://nypost.com/baseball/,0
https://razzball.com/,0
https://d1baseball.com/,0
https://www.baseballamerica.com/,0
https://www.baseball-reference.com/,0
http://www.badzine.net/,0
https://www.badmintonengland.co.uk/,0
https://www.badmintonireland.com/,0
http://everything-badminton.com/,0
https://shuttlesmash.com/,0
https://tennisforfree.com/,0
https://www.wtatennis.com/,0
https://www.tennis.com/,0
https://www.tennisexplorer.com/,0
https://secondlife.com/,0
https://www.paltalk.com/,0
https://secure.imvu.com/welcome/ftux/,0
https://enterchatroom.com/,0
https://www.antichat.me/,0
https://chatroulette.com/,0
https://rockchat.net/,0
https://www.chatforfree.org/,0
https://www.elitesingles.com/,0
https://www.charmdate.com/,0
https://www.321chat.com/,0
https://chat.icq.com/icqchat/,0
https://www.tendermeets.com/couple/chat-rooms.html,0
https://www.mocospace.com/,0
https://tinychat.com/,0
https://www.justchat.co.uk/,0
https://p.badoo.com/l/2f23922d23e23c25722521422122120b21,0
https://www.elitemate.com/,0
https://date.com/,0
https://www.flirt.com/,0
https://www.chatib.us/,0
https://www.wireclub.com/,0
https://www.match.com/,0
https://www.facebook.com/,0
https://www.youtube.com/,0
https://www.whatsapp.com/,0
https://messenger.com/,0
https://www.instagram.com/,0
https://www.tumblr.com/,0
https://www.linkedin.com/,0
https://www.snapchat.com/,0
https://www.pinterest.com/,0
https://line.me/en/,0
https://telegram.org/,0
https://www.321chat.com/,0
https://www.chat-avenue.com/,0
https://www.wireclub.com/,0
http://www.paltalk.com/,0
https://ukchat.com/,0
https://www.kidschat.net/,0
https://www.teen-chat.org/,0
https://www.tinychat.com/,0
https://y99.in/,0
https://chat.tripsit.me/,0
https://www.omegle.com/,0
https://allotalk.com/,0
http://www.rphaven.com/,0
https://www.buzzen.com/,0
https://www.chat27.co.za/,0
http://b-gay.com/chat/,0
https://www.gaychat.zone/,0
https://www.buzz50.com/,0
https://seniorchatters.co.uk/,0
https://www.chatogo.com/,0
http://www.healthfulchat.org/all-chat-rooms.html,0
http://www.chathour.com/,0
https://www.spinchat.com/,0
https://xat.com/,0
https://www.chatblink.com/chat-list,0
https://en.lycos.social/,0
https://www.usachatnow.com/,0
http://www.icq-chat.com/,0
https://secondlife.com/,0
http://christianchat.com/,0
http://www.vpchat.com/,0
http://chattusa.com/,0
https://www.camamba.com/,0
http://www.blackchat.co.uk/blackchatold/hangout/,0
http://www.kidzworld.com/chat,0
http://www.jesusrocksonirc.net/,0
https://www.chatpit.com/,0
https://www.chatfamily.com/,0
https://www.diigo.com/,0
https://twitpic.com/,0
https://hi5.com/,0
http://xanga.com/,0
https://www.care2.com/,0
http://www.orkut.com/,0
https://getsatisfaction.com/,0
https://www.digitalcameraworld.com,0
https://www.cambridgeincolour.com,0
https://photographylife.com,0
https://fstoppers.com,0
https://camerajabber.com,0
https://www.diyphotography.net,0
https://iphonephotographyschool.com,0
https://www.dpreview.com,0
https://www.thesprucecrafts.com/photography-4162939,0
https://500px.com,0
https://www.thephotoargus.com,0
https://levonbiss.com,0
https://www.petermckinnon.com,0
https://www.mpkelley.com,0
https://blazinphoto.com,0
http://www.harisnukem.com,0
https://www.lieben.no,0
https://www.branditoolephoto.com,0
http://www.sanzlena.com,0
https://www.kaylafisherphotography.com,0
https://www.mathieustern.com,0
https://cassandraladru.com,0
https://www.danielkennedy.com,0
https://daniloandsharon.com,0
https://www.adambirdphotography.com,0
https://www.moyo-studio.com,0
https://alexisjuliaphoto.com,0
https://www.davemorrowphotography.com/photography-fundamentals,0
https://www.dodho.com,0
https://thefashioncamera.com,0
https://www.featureshoot.com,0
http://intothenightphoto.blogspot.com,0
https://www.fionakellyphotography.com/blog/,0
https://www.behindtheshutter.com,0
https://petapixel.com,0
https://www.lightstalking.com,0
https://www.photo.net,0
https://www.picturecorrect.com,0
https://www.slrlounge.com,0
https://www.popphoto.com,0
https://photography.tutsplus.com,0
https://www.creativelive.com/photography?via=hero-freeform_1,0
https://www.whatsthebest.co.uk/tech/photography/,0
https://tomhull.co.uk,0
https://www.linnimages.com,0
https://www.amitmehra.com,0
https://www.jillgreenberg.com,0
https://www.jonathanglynnsmith.com,0
https://www.nateluebbe.com,0
http://www.brentstirton.com,0
http://www.dollyave.com,0
https://east.co,0
https://www.360cities.net/,0
https://www.bbc.com/news/in_pictures,0
https://www.blipfoto.com/,0
https://c4fap.org/,0
https://www.deviantart.com/,0
https://www.coolphotoideas.com/,0
https://www.digitalphotopro.com/technique/,0
https://www.dpreview.com/,0
https://digital-photography-school.com/,0
http://www.ephotozine.com/,0
https://filemagazine.com/,0
https://www.ippawards.com/,0
https://morguefile.com/,0
https://www.capture-life.de/,0
https://www.morganleephotographer.com/,0
https://www.bulbcreative.co/,0
https://josephhardin.com/,0
https://rmweddingfilms.co.uk/,0
https://mlphotofilm.com/,0
https://www.velare.co/,0
https://www.roseyredphotography.com/,0
https://www.outdoorphotographer.com/,0
https://www.naturephotographers.network/,0
http://www.pawspetphotography.co.uk/galleries/,0
https://www.photo.net/,0
https://psa-photo.org/,0
https://www.photographytalk.com/2,0
http://markhancock.blogspot.com/,0
http://www.photopreneur.com/,0
http://pimpyourcam.com/,0
https://www.pixyblog.com/,0
https://rps.org/,0
https://www.jillgreenberg.com/,0
https://strobist.blogspot.com/,0
https://thealbumcafe.com/,0
https://theonlinephotographer.typepad.com/the_online_photographer/,0
https://www.jonathanglynnsmith.com/,0
http://www.weatherscapes.com/,0
http://www.weatherscapes.com/,0
https://www.jasonbellphoto.com/#/home/,0
https://www.danielkennedy.com/,0
https://news.google.com/,0
https://news.yahoo.com/,0
https://edition.cnn.com/,0
https://www.bbc.com/news,0
https://www.nytimes.com/,0
https://www.theguardian.com/international,0
https://www.washingtonpost.com/,0
https://www.indiatimes.com/,0
https://www.foxnews.com/,0
https://www.usatoday.com/,0
https://www.wsj.com/,0
https://www.nbcnews.com/,0
http://timesofindia.indiatimes.com/,0
https://abcnews.go.com/,0
https://sputniknews.com/,0
https://www.abc.net.au/news/,0
https://www.independent.co.uk/,0
https://www.cbc.ca/news/,0
https://www.thesun.co.uk/news/,0
https://time.com/,0
https://www.latimes.com/,0
https://www.mirror.co.uk/https://news.sky.com/,0
https://www.vox.com/,0
https://www.smh.com.au/,0
https://www.scmp.com/,0
https://www.ctvnews.ca/,0
https://www.france24.com/en/,0
https://news24online.com/,0
https://globalnews.ca/,0
https://www.channelnewsasia.com/,0
https://www.dkoding.in/,0
https://ifp.co.in/,0
https://www.rawstory.com/,0
https://www.thestar.com/,0
https://www.washingtontimes.com/,0
https://www.todayonline.com/,0
https://www.telegraphindia.com/,0
https://www.newsnow.co.uk/h/World+News,0
https://www.csmonitor.com/,0
https://www.easternherald.com/,0
https://world.wng.org/,0
https://newsblaze.com/,0
https://www.neweurope.eu/,0
https://www.watchdoguganda.com/,0
https://headlinecode.com/,0
https://warritatafo.com/,0
https://www.newsrust.com/,0
https://globalpressjournal.com/,0
https://newslanes.com/,0
https://www.thenexthint.com/,0
https://digitalive.world/,0
https://www.newyorker.com/,0
https://www.bbc.com/,0
https://newszetu.com/,0
https://weeklyworldnews.com/,0
https://newsblenda.com/,0
https://www.chron.com/,0
https://www.news.com.au/,0
https://www.nzherald.co.nz/,0
https://www.scmp.com/,0
https://abcnews.go.com/,0
https://www.theguardian.com/,0
http://www.bbc.com/,0
https://www.huffpost.com/,0
https://www.bloomberg.com/,0
https://www.thedailybeast.com/,0
https://publictv.in/,0
http://www.neduwealth.com/,0
https://yerozo.com/,0
https://zemocity.com/,0
https://newsobservatory.com/,0
https://lionnetnews.com/,0
https://www.thetimesinplainenglish.com/,0
https://richardsnewsonline.com/,0
https://balticword.eu/,0
https://www.thelifecart.com/,0
https://rightnowtimes.com/,0
https://amnews247.com/,0
https://thedetrend.com/,0
https://breakingnewscentral.com/,0
https://timespek.com/,0
https://www.igorbnews.com/,0
https://globalvisionuk.com/,0
http://theweeklytide.com/,0
http://www.justworldnews.com/,0
https://www.avjnews.com/,0
https://dainikviral.com/,0
https://awkwardvibes.com/,0
https://www.theworldwomennews.com/,0
https://quicktrendnews.wordpress.com/,0
https://thedailycanvas.com/,0
https://www.excite-news.site/,0
https://www.worldpresslive.com/,0
https://reporterfox.com/,0
https://www.suresource24.com/,0
http://moef.gov.in,0
http://goidirectory.nic.in/index.php,0
https://pensionersportal.gov.in,0
https://www.mea.gov.in,0
https://www.finmin.nic.in,0
https://www.mod.gov.in,0
http://socialjustice.nic.in,0
http://www.nmdfc.org,0
https://mib.gov.in,0
https://bombayhighcourt.nic.in,0
https://lawmin.gov.in,0
https://mumbaipolice.co.in,0
http://narcoticsindia.nic.in,0
https://www.upsc.gov.in,0
https://www.indianarmy.nic.in/home,0
http://www.ncbc.nic.in/Home.aspx,0
https://indianairforce.nic.in,0
http://ifs.nic.in,0
https://ips.gov.in,0
https://www.mha.gov.in,0
https://www.nia.gov.in,0
https://crpf.gov.in,0
https://polisen.se/en/,0
https://www.rcmp-grc.gc.ca,0
https://www.canada.ca/en/security-intelligence-service.html,0
https://www.fbi.gov,0
https://www.cia.gov/index.html,0
https://www.interpol.int/en,0
http://government.ru/en/structure/,0
https://www.asis.gov.au,0
https://www.dea.gov,0
https://www.ice.gov,0
https://www.cbic.gov.in,0
https://www.prisonministryindia.org,0
https://www.bjs.gov,0
https://www.ncjrs.gov,0
https://www.justice.gov,0
https://doj.gov.in,0
https://nij.ojp.gov,0
https://www.indianembassyusa.gov.in,0
https://www.gst.gov.in,0
https://www.incometaxindia.gov.in/Pages/default.aspx,0
https://in.usembassy.gov,0
https://portal2.passportindia.gov.in/AppOnlineProject/welcomeLink,0
https://www.dof.gov.ph,0
https://www.gov.scot,0
http://www.police-foundation.org.uk,0
https://bja.ojp.gov,0
https://www.ojp.gov,0
https://nicic.gov,0
https://ovc.ojp.gov,0
https://www.atf.gov,0
https://www.policefoundationindia.org,0
https://cops.usdoj.gov,0
https://www.bop.gov,0
https://cabsec.gov.in/index.php,0
http://ncdrc.nic.in,0
https://www.legislation.gov.uk,0
https://www.indiacode.nic.in,0
https://legalaffairs.gov.in,0
https://www.congress.gov,0
https://leginfo.legislature.ca.gov,0
https://www.pmindia.gov.in/en/,0
https://persmin.gov.in,0
http://www.legislation.govt.nz,0
https://eci.gov.in,0
https://ceo.maharashtra.gov.in,0
https://eci.gov.in,0
https://www.fec.gov,0
https://rti.gov.in,0
https://www.legislation.sa.gov.au/index.aspx,0
https://vote.gov,0
https://www.eac.gov,0
https://www.electoralcommission.org.uk,0
https://loksabha.nic.in,0
https://www.lawcom.gov.uk,0
https://www.parliament.uk,0
https://www.legis.state.pa.us,0
https://www.legislation.wa.gov.au,0
https://eparlib.nic.in,0
https://www.ipu.org,0
https://districts.ecourts.gov.in,0
https://www.legis.iowa.gov,0
https://www.army.mod.uk,0
http://www.stmaryskids.org/,0
http://www.kidswithfoodallergies.org/,0
http://www.malecare.org/,0
http://www.degosdisease.com/,0
http://www.freedomhealthrecovery.com/,0
http://www.freedomhealthrecovery.com/,0
http://www.cancer.org/research/cancerfactsstatistics/index,0
http://www.nymemory.org/,0
http://www.yunkeracupuncture.com/,0
http://www.curavet.com/,0
http://www.wrlfmd.org/,0
http://www.learnayurveda.com/research.html,0
http://www.securethefuture.com/,0
http://www.pocaan.org/,0
http://www.idsociety.org/,0
http://www.chikungunya.in/,0
http://www.asthmastory.com/,0
http://www.cellutitis.org/,0
http://brokenjawtips.com/,0
http://patient.info/,0
https://www.mayoclinic.org/,0
http://www.en.usz.ch/Pages/default.aspx,0
https://www.nm.org/,0
https://www.mountsinai.org/,0
https://www.hamad.qa/EN/Pages/default.aspx,0
https://www.saintfrancis.com/,0
http://www.baylorhealth.com/Pages/Default.aspx,0
https://www.luriechildrens.org/,0
http://www.rivalfitnessseattle.com/,0
https://www.studiomix.com/,0
https://www.orangetheory.com/en-in/,0
https://charlestonkettlebellclub.com/,0
https://www.joyoushealth.com/,0
http://www.thegymla.com/,0
https://republicbos.com/,0
https://www.ironbridgecrossfit.com/,0
https://crosstownfitness.com/,0
http://www.prevailboxing.com/,0
http://portlandteamfitness.com/,0
https://firebrandsports.com/,0
https://pulsepdx.net/,0
https://www.push511.com/,0
https://www.fulcrumfitness.com/,0
https://www.castlehillfitness.com/,0
https://www.apollohospitals.com/,0
https://www.fortishealthcare.com/,0
https://www.maxhealthcare.in/,0
https://www.narayanahealth.org/,0
https://sgrh.com/,0
https://www.ilbs.in/,0
https://www.medanta.org/,0
https://www.sankaranethralaya.org/,0
https://carehospitals.com/,0
https://carehospitals.com/,0
https://www.ilbs.in/,0
https://www.medanta.org/,0
https://www.sankaranethralaya.org/,0
https://carehospitals.com/,0
https://carehospitals.com/,0
https://safety.blr.com/,0
http://www.rphworld.com/,0
http://medlibrary.org/,0
http://cshp-nb.ca/,0
http://www.oilofpisces.com/,0
http://www.aafp.org/,0
http://www.oilofpisces.com/,0
http://www.stmarymercy.org/,0
http://aathermography.com/,0
http://www.asma.org/,0
http://ecps.md/,0
http://www.poh.org/,0
http://drpoulter.com/,0
http://youngerfaces.com/,0
http://www.renewman.com/,0
http://www.badyogi.com/blog/,0
https://yogawithadriene.com/blog/,0
https://www.yogagirl.com/read,0
https://www.yogajournal.com/,0
https://yogajanda.com/blog/,0
https://blog.spiritvoyage.com/,0
https://www.yogabasics.com/practice/,0
https://www.mindbodygreen.com/,0
https://www.yogiapproved.com/,0
https://blog.yogamatters.com/,0
https://www.yogabycandace.com/blog,0
https://iloveveterinary.com/,0
https://www.viovet.co.uk/blog,0
https://www.vettimes.co.uk/,0
https://www.reddit.com/r/AskVet/,0
https://www.avma.org/blog,0
https://www.petpoisonhelpline.com/blog/,0
https://medicalfuturist.com/,0
https://www.webmd.com/,0
https://www.everydayhealth.com/,0
https://www.health.com/,0
https://www.medscape.com/,0
https://www.healthline.com/,0
https://www.mercola.com/,0
http://www.chess-poster.com/,0
http://onlinechessstrategy.com/,0
http://www.chessebook.com/,0
http://www.chessvideos.tv/,0
http://www.thechessworld.com/,0
http://www.chess.com/,0
http://chessbomb.com/,0
http://www.chessdom.com/,0
http://www.chessdryad.com/,0
http://www.chessgames.com/http://www.setupgroup.com/xo/,0
http://www.di.fc.ul.pt/~jpn/gv/,0
http://www.5straight.net/,0
http://boardgamegeek.com/boardgame/369/5ive-straight,0
http://www.boardgamegeek.com/game/2545,0
http://www.boardgamegeek.com/game/5120,0
https://en.wikipedia.org/wiki/Morabaraba,0
http://www.tradgames.org.uk/games/Nine-Mens-Morris.htm,0
http://www.cox-tv.com/games/rules/morris.html,0
http://www.chess.4mg.com/,0
http://www.chesspals.com/,0
https://www.pagat.com/adders/,0
http://members.tripod.com/~Germantown_Peggers/cribfrms.htm,0
http://www.cribbage.org/,0
http://www.pagat.com/rummy/handfoot.html,0
http://ace2three.com/,0
http://ginrummytournaments.com/,0
http://cardgames.io/ginrummy/,0
http://www.onlinecasinoreports.com/casinogames/online-gin-rummy.php,0
https://www.pagat.com/rummy/ginrummy.html,0
http://www.mu.org/~doug/mao/,0
http://www.wikipedia.org/wiki/President_(game),0
http://www.realbeer.com/fun/games/games-353.php,0
http://www.pagat.com/patience/,0
http://www.chessandpoker.com/solitaire_strategy.html,0
http://www.pagat.com/invented/cribbage_solitaire.html,0
http://www.funagain.com/cgi-bin/funagain/04222,0
http://www.rpg.net/news+reviews/reviews/rev_4588.html,0
http://www.pevans.co.uk/Reviews/BigCheese.html,0
http://www.angelfire.com/pq/Urhixidur/Nuke/Nuke.html,0
http://www.atlas-games.com/onceuponatime/,0
http://gamecabinet.com/rules/OnceUponATimeVariant.html,0
http://www.portmacquariebridge.websyte.com.au/,0
http://www.pmhbridge.com.au/,0
http://quicktricks.com.au/,0
http://www.trumps.net.au/,0
http://www.twintowns.bridgeaustralia.org/,0
http://www.atarihq.com/museum/coinops/index.html,0
http://www.arcadebelgium.be/,0
http://www.larwe.com/coinop/index.html,0
http://www.games-db.com/Arcade/,0
http://www.arcade-history.com/,0
http://members.tripod.com/~AWalden/,0
http://home.hiwaay.net/~lkseitz/cvg/nexus/,0
http://members.tripod.com/~hamishf/,0
http://members.tripod.com/mannix20/,0
http://members.tripod.com/nylatenite/gamersparadise.htm,0
http://www.russprince.com/cabinet/,0
http://txshowdown.com/,0
http://www.vaps.org/,0
http://www.ionpool.net/arcade/asteroidtech/asteroidsrepair.html,0
http://www.ionpool.net/arcade/irobot/anderson/,0
http://www.basementarcade.com/arcade/toobin/,0
http://www.flippers.com/,0
http://www.ksarcade.net/,0
http://economypinballrepair.weebly.com/,0
http://mezelmods.com/,0
http://www.moorepinballs.com/,0
http://www.mopinball.com/,0
http://www.dickestel.com/classicexpo.htm,0
http://www.dickestel.com/classicexpo2004.htm,0
http://www.dickestel.com/classic2005.htm,0
http://www.bogglewords.com/,0
http://bolsboardgames.com/,0
http://www.eingang.org/Games/boggle.html,0
http://www.worldbunco.com/,0
http://www.fillorbust.com/,0
http://www.bingogamingnews.com/,0
http://nationalmarblestournament.org/,0
http://www.tableskittles.com/,0
http://www.tradgames.org.uk/games/Table-Skittles.htm,0
http://www.etwa.org/,0
http://www.apegames.com/,0
http://www.augustgames.com/,0
http://www.brickcommander.com/,0
http://www.clashofarms.com/,0
http://www.operationoverkill.com/,0
http://www.sunrisedoors.com/,0
http://www.wolfysilver.co.uk/WM/,0
http://haven.theonering.net/,0
http://cobra5.proboards.com/,0
http://phobiaverse.proboards.com/,0
http://www.roleplayinggames.net/,0
http://www.eliteskills.com/rp/,0
http://ussagamemnon.iwarp.com/,0
http://www.eurogamer.net/article.php?article_id=66766,0
http://www.gamespot.com/american-mcgees-alice/summary/,0
http://www.loonygames.com/content/2.1/feat/,0
http://www.gamerevolution.com/review/pc/alice,0
http://www.mobygames.com/game/arabian-nights,0
https://www.reddit.com/,0
https://www.quora.com/,0
https://stackoverflow.com/,0
https://www.indiaforums.com/,0
https://answers.google.com/,0
http://www.aelyria.com/,0
https://www.airliners.net/forum/,0
https://www.alternatehistory.com/,0
https://arstechnica.com/civis/,0
https://atrl.net/,0
https://forums.craigslist.org/?areaID=85,0
https://www.eevblog.com/,0
https://www.fark.com/,0
https://thehub.online/hub-forums/,0
https://www.wattpad.com/,0
https://www.skyscrapercity.com/forums/india.450/,0
https://deliciouslyella.com/,0
https://pinchofyum.com/,0
https://balancedbites.com/,0
https://cookieandkate.com/,0
https://runningonrealfood.com/,0
https://www.afamilyfeast.com/,0
https://myfoodstory.com/,0
https://greenkitchenstories.com/,0
https://www.loveandlemons.com/,0
https://www.thepioneerwoman.com/,0
https://recipesfromapantry.com/,0
https://www.sproutedkitchen.com/,0
https://sallysbakingaddiction.com/,0
https://ohsheglows.com/,0
https://www.cookrepublic.com/,0
https://thefirstmess.com/,0
https://olivebarandkitchen.com/,0
http://www.moxhe.com.au/,0
https://www.risotteriamelottinyc.com/,0
http://elburro.no/,0
https://www.7thheaven.in/,0
http://teavilla.in/,0
https://www.theproteinbar.com/,0
http://www.easybistro.com/,0
https://www.ililinyc.com/,0
https://www.foxinthesnow.com/,0
http://susiecakes.com/,0
https://www.gaylesbakery.com/,0
https://www.jillycakesorlando.com/,0
https://iloveladycakes.com/,0
https://www.portosbakery.com/,0
https://www.bakerynouveau.com/,0
https://buzzbakeshop.com/,0
https://www.alessibakery.com/,0
https://rakskitchen.net/,0
https://www.skinnytaste.com/,0
https://cookiesandcups.com/,0
https://www.cookingclassy.com/,0
https://bakewithshivesh.com/,0
https://www.manjulaskitchen.com/,0
https://www.100daysofrealfood.com/,0
https://www.simplyrecipes.com/,0
https://www.thebowwindowcafe.co.uk/,0
http://lilacpatisserie.com/,0
https://www.henhouseeatery.com/,0
https://cafenoseaustin.com/,0
https://www.parakeetcafe.com/,0
https://www.cloudcitycoffee.com/,0
https://littlegoatchicago.com/,0
https://www.zinccafe.com/,0
https://www.cornertablenantucket.com/,0
https://notescoffee.com/,0
https://diethood.com/,0
https://www.burrobarboston.com/,0
https://www.whiskey.kitchen/,0
https://www.vegrecipesofindia.com/,0
https://www.casknyc.com/,0
https://dinnerthendessert.com/,0
http://www.tioluchin.com/,0
https://www.thecenturybar.com.au/,0
https://www.onceuponachef.com/,0
https://thewoksoflife.com/,0
https://www.dineout.co.in/,0
https://www.eazydiner.com/mumbai?loc=mumbai,0
https://masterchefmom.blogspot.com/,0
https://www.padhuskitchen.com/,0
https://www.tacobell.co.in/,0
https://skinnyms.com/https://mallikabasu.com/,0
http://www.thasneen.com/cooking/,0
https://simplytadka.com/,0
https://www.aspicyperspective.com/,0
https://tastesbetterfromscratch.com/,0
https://www.jocooks.com/blog/,0
https://www.sanjeevkapoor.com/,0
https://www.chefajaychopra.com/,0
https://anjuladevi.com/,0
http://anjalipathak.com/,0
https://smittenkitchen.com//,0
https://gimmedelicious.com/,0
https://caterbakes.com/,0
https://onceuponafoodblog.com/,0
https://www.loveandrisotto.com/,0
http://thymetomango.com/,0
https://rachelhomecooking.com/,0
http://www.thegraphicfoodie.co.uk/,0
https://cookingforone341683522.wordpress.com/the-blog/,0
https://www.tastymealsforyou.com/,0
http://www.jackieshappyplate.com/,0
http://bananaleafindia.com/,0
https://www.cadbury.co.uk/,0
https://www.lays.com/,0
https://hebbarskitchen.com/,0
https://pizzabythebay.in/,0
https://www.gopapaya.co.in/,0
https://www.collegenet.com/,0
http://admissionsplus.blogspot.com/,0
http://www.nytimes.com/2002/05/07/nyregion/07COLL.html,0
http://www.andhrauniversity.info/,0
https://www.somaiya.edu/en,0
http://www.iitg.ernet.in/,0
https://www.kic.org.uk/nottingham-trent/,0
http://cujs.soc.srcf.net/,0
http://www.realcollegelife.com/,0
http://www.columbia.ab.ca/,0
http://www.ualberta.ca/NATIVESTUDIES/,0
http://www.politicalscience.ualberta.ca/,0
http://unschoolers.com/,0
http://www.worldwidelearn.com/vocational-training.htm,0
http://www.qac.ac.uk/,0
http://www.childnow.org/,0
http://www.execbar.com/,0
http://agentschoiceonline.com/,0
http://www.mcqs.com/,0
http://www.aestheticrealism.org/Education-LR.htm,0
http://www.instrumentalchemistry.com/,0
http://www.aesociety.org/,0
http://www.studyhplc.com/,0
http://link.springer.com/journal/11094,0
http://www.synapses.co.uk/alchemy/index.html,0
http://www.webqc.org/,0
http://education.jlab.org/elementflashcards/,0
http://www.chemcollective.org/,0
http://www.chemguide.co.uk/,0
http://www.chemistry.co.nz/,0
http://en.wikipedia.org/wiki/International_Chemistry_Olympiad,0
http://www.sciencegeek.net/,0
http://www.quantum-chemistry-history.com/,0
http://www.chemicalelements.com/elements/al.html,0
http://www.geopolymer.org/,0
http://www.chem1.com/acad/webtext/virtualtextbook.html,0
http://environmentalchemistry.com/,0
http://en.wikipedia.org/wiki/Joseph_Priestley,0
http://www.visionlearning.com/library/science/chemistry-1/CHE1.7-bonding.htm,0
http://www.math.tifr.res.in/,0
http://www.allaboutcircuits.com/vol_4/chpt_7/index.html,0
http://www.algebra.com/,0
http://link.springer.com/journal/10485,0
http://en.wikipedia.org/wiki/Group_Theory,0
http://mathworld.wolfram.com/topics/LinearAlgebra.html,0
http://www.algebra-answer.com/,0
http://mathworld.wolfram.com/FastFourierTransform.html,0
http://www.amstat.org/publications/jcgs/,0
http://mathonline.edusoftmax.com/,0
http://imammb.oxfordjournals.org/,0
http://www.calculus.org/,0
http://en.wikipedia.org/wiki/Fractional_calculus,0
http://scienceworld.wolfram.com/biography/Eudoxus.html,0
http://www.shyamsundergupta.com/amicable.htm,0
http://www.numbertheory.org/ntw/N5.html,0
http://www.gtcenter.org/,0
http://www.appliedprobability.org/,0
http://www.calculator.org/,0
http://www.lasers.org.uk/Courses/msc.htm,0
http://darkmattertheories.com/,0
http://www.mtnmath.com/,0
http://www.scholarpedia.org/article/Encyclopedia_of_astrophysics,0
http://www.angelfire.com/geek/alphabeta/,0
http://www.physics.uoguelph.ca/tutorials/shm/Q.shm.html,0
http://www.physicsweb.org/bestof/cond-mathttp://www.cristal.org/course/,0
http://www.worldscienceu.com/,0
http://www.cosmolearning.com/physics/,0
http://www.interactivescienceteacher.com/,0
http://www.fearofphysics.com/,0
http://www.wondermagnet.com/,0
http://www.geneticanthropology.org/,0
http://archaeology.about.com/library/univ/blggsa.htm,0
http://www.trentu.ca/archaeology/,0
http://geographyfieldwork.com/,0
http://www.shodor.org/metweb/index.html,0
http://en.wikipedia.org/wiki/Geochemistry,0
http://geostudies.co.uk/,0
http://www.earthscienceeducation.com/,0
http://geea.lyellcollection.org/,0
http://www.earthsciweek.org/,0
http://www.geomatics.ucalgary.ca/,0
http://www.synapses.co.uk/science/mvolcano.html,0
http://en.wikipedia.org/wiki/Quaternary,0
http://www.journals.elsevier.com/palaeogeography-palaeoclimatology-palaeoecology/,0
https://explorable.com/,0
http://www.all-science-fair-projects.com/,0
http://www.b2science.org/http://www.smu.ca/academic/science/envstud/,0
http://www.wageningenur.nl/en/Expertise-Services/Chair-groups/Animal-Sciences/Animal-Production-Systems-Group.htm,0
http://www.agronomy.org/,0
http://www.getonthebus.org/,0
http://www.theskyscrapers.org/,0
http://www.bigear.org/,0
http://www.colorbasepair.com/bioinformatics_courses_tutorials.html,0
http://www.astrosociety.org/,0
http://www.ccmb.res.in/,0
http://www.biochemist.org/bio/,0
http://botany.about.com/,0
http://www.evolutionary-ecology.com/,0
http://www.learningastronomy.com/,0
http://www.sciencedirect.com/science/journal/10898603,0
http://www.springer.com/biomed/journal/418,0
http://www.biology.lu.se/,0
http://jmcb.oxfordjournals.org/,0
http://www.journals.elsevier.com/theoretical-population-biology/,0
http://www.itrcindia.org/,0
http://www.agclassroom.org/,0
http://en.wikipedia.org/wiki/Iodine,0
http://www.chemicalelements.com/elements/ir.html,0
http://www.life.illinois.edu/hanks/,0
http://dinosaurtheory.com/theory.html,0
http://www.britannica.com/EBchecked/topic/409383/neptunium,0
http://en.wikipedia.org/wiki/Fire_ecology,0
http://en.wikipedia.org/wiki/Molecular_evolution,0
http://www.synapses.co.uk/genetics/,0
https://www.peapod.com/,0
https://relianceretail.com/reliance-fresh.html,0
https://www.amazon.in/alm/storefront?almBrandId=ctnow,0
https://www.bigbasket.com/?utm_source=google&utm_medium=cpc&utm_campaign=Brand-MUM&gclid=CjwKCAiA7939BRBMEiwA-hX5J8-2dP6c4KbAi3aTcKNlF5o72hQCBLa1UreE1QYGJlSH8RWqSEP0wRoCmpMQAvD_BwE,0
https://www.instacart.com/,0
https://www.naturesbasket.co.in/,0
https://www.starquik.com/,0
http://www.spencersretail.com/,0
https://paytmmall.com/supermarket-glpid-101310,0
https://www.dunzo.com/mumbai,0
https://www.easyday.in/,0
https://www.flipkart.com/grocery-supermart-store?marketplace=GROCERY,0
https://www.patanjaliayurved.net/,0
https://www.bigmartretail.com/,0
https://www.suprdaily.com/,0
https://relianceretail.com/reliance-smart.html,0
https://www.waitrose.com/ecom/shop/browse/groceries,0
https://www.asos.com/,0
http://www.guess.com/,0
https://www.fashionnova.com/,0
https://www2.hm.com/en_in/index.html,0
https://www.urbanic.com/?country_code=IN&utm_source=google&utm_medium=cpc&gclid=CjwKCAiA7939BRBMEiwA-hX5JxrSomTtxmB1OVfePe9Bp00h,0
http://www.aeropostale.com/,0
http://www.edgewear.com/,0
https://www.berrylush.com/,0
https://www.bonkerscorner.com/product-category/women/?utm_source=google&utm_medium=cpc&utm_campaign=brand-ad&gclid=CjwKCAiA7939BRBMEiwA-h,0
https://burgerbaeclothing.com/,0
https://desiminimals.com/,0
http://www.cottonseedusa.com/,0
http://www.jimsclothing.com/,0
http://www.themontanascene.com/,0
http://www.landsend.com/,0
http://www.outletshirts.com/,0
https://shop.mango.com/in,0
https://www.only.in/,0
https://www.kdsurfshop.com/,0
https://hollywoodfashionsecrets.com/,0
http://www.beltsdirect.com/,0
https://www.accessorize.com/row/,0
http://www.hotfingersgloves.com/,0
https://www.ayeshaaccessories.com/,0
https://www.bagborroworsteal.com/,0
https://www.claires.com/,0
http://www.scarves.com/,0
http://www.fashionheaven.com/,0
https://www.jewelsgalaxy.com/,0
http://rainbowmetals.com/,0
http://www.lbow.com/,0
http://www.tropicalenterprises.com/,0
http://www.lovedesignerbags.com/,0
http://www.dellamoda.com/,0
http://www.suspenderstore.com/,0
http://simplyscarves.com/,0
http://www.shoplindasstuff.com/,0
https://inayajewelry.com/,0
https://viange.in/,0
http://www.fastballoons.com/,0
https://www.bigsmall.in/,0
https://www.giftcart.com/,0
http://www.americangiftfactory.com/,0
http://www.americangiftfactory.com/,0
http://www.basketcreationsplus.com/,0
http://www.babyblooms.co.uk/,0
http://www.likeadoll.com/,0
http://www.msmugs.com/http://www.collagery.com/,0
http://www.giftsin24.com/,0
http://www.affirmations.com.au/,0
http://www.personalcreations.com/,0
http://wrapsodyonline.com/,0
http://www.gallerycollection.com/,0
https://www.archiesonline.com/,0
http://www.lusonic.com/,0
https://www.vijaysales.com/?gclid=Cj0KCQiAkuP9BRCkARIsAKGLE8XNFFBps909mKzX4jdv7mqfunBVwGYRtAEKDq0EUJ25g7eJ_S8KLqQaAktIEALw_wcB,0
http://www.newtube.com/,0
http://www.angledcables.com/,0
https://www.ezmaal.com/,0
http://www.abrown.com/,0
https://shippingcasesnow.com/,0
http://www.cordlessworkz.com/,0
http://www.ninjaremote.com/,0
http://www.headphone.com/,0
https://www.ajio.com/,0
https://www.shopclues.com/,0
https://www.tatacliq.com/,0
https://www.koovs.com/,0
https://www.cilory.com/,0
https://www.snapdeal.com/,0
https://www.westside.com/,0
https://centralandme.com/,0
https://www.bata.in/,0
https://www.stevemadden.in/,0
https://www.nykaa.com/,0
https://www.fnp.com/,0
https://thejodilife.com/https://www.voylla.com/,0
https://bellofox.com/,0
https://www.luluandsky.com/,0
https://www.pipabella.com/,0
https://www.houseofindya.com/women-accessories/cat,0
https://www.maccosmetics.com/,0
http://www.kasrl.org/jaffe.html,0
https://www.gmdhshell.com/,0
http://en.wikipedia.org/wiki/Neural_network,0
http://cadingandcoding.blogspot.com/,0
http://www.panzercad.com/,0
http://www.metalopt.com/,0
http://qualgorithms.blogspot.com/,0
http://www.enterthegrid.com/,0
http://qualgorithms.blogspot.com/,0
http://www.comcraftfr.com/,0
http://gailly.net/,0
http://www.stringology.org/,0
http://www.siam.org/meetings/da02/,0
http://www.epaperpress.com/sortsearch/,0
http://www.agenarisk.com/,0
http://www.cra.com/bnet,0
http://qsmm.org/,0
https://www.tensorflow.org/,0
http://www.filegate.net/,0
http://www.idecad.com/,0
http://www.m8tools.com/,0
http://www.editcnc.com/,0
http://www.brightonbased.co.uk/,0
http://www.flpcdr.com/,0
http://www.seagrasssoftware.com/,0
http://vrlab.epfl.ch/,0
http://www.ec2002.tue.nl/,0
http://ndb.cs.aau.dk/,0
http://www.rulequest.com/Personal/,0
http://www.stroustrup.com/,0
http://www.hindawi.com/journals/am/,0
http://www.hcibib.org/hci-sites/BIBLIOGRAPHY.html,0
http://portal.acm.org/,0
http://www.pdftask.com/,0
http://pdfmerge.w69b.com/,0
http://www.ilovepdf.com/,0
http://www.mytechtime.com/2009/07/postscript-benefits.html,0
http://filesystems.org/,0
http://www.graphicsacademy.com/format.php,0
http://catb.org/~esr/gif2png/,0
http://trac.osgeo.org/geotiff/,0
http://www.help-info.de/en/,0
http://www.textuality.com/xml/,0
http://www.postersw.com/,0
https://products.office.com/en-us/publisher,0
http://www.ebookcompiler.com/,0
http://www.retrosoftware.co.uk/,0
http://www.emigre.com/,0
http://www.favicon.cc/,0
http://www.freedom-to-tinker.com/,0
http://hci4all.at/,0
http://www.martnet.com/,0
http://www.interconnect.net/,0
http://www.cbrdigital.com/,0
http://www.1lovecards.com/,0
http://webonthefly.com/,0
http://fusionlayer.com/,0
http://www.lqexcel.com/ado.php,0
http://www.generexe.nl/,0
http://www.caffeineowl.com/,0
http://www.flipcode.com/archives/,0
http://www.freevbcode.com/,0
http://www.quirksmode.org/js/index.html?dhtmloptions.html,0
http://lambda-the-ultimate.org/,0
http://www.snakeisland.com/,0
http://www.josuttis.com/tmplbook/,0
http://www.lullsoft.com/,0
http://windowsbro.blogspot.com/,0
http://www.hsix.com/,0
http://www.tagspaces.org/,0
http://www.tgrmn.com/,0
http://www.dvdshrink.org/,0
http://notifier.email.my/,0
http://www.babylon.com/,0
http://site.icu-project.org/,0
http://www.paxit.com/,0
https://www.acronis.com/en-us/,0
http://www.cthing.com/,0
http://www.nbsoft.co.uk/,0
http://www.hddlife.com/,0
http://www.pocketsoap.com/4s4c/,0
http://www.gibney.de/,0
http://www.adahome.com/,0
http://juggle.gaertner.de/,0
http://www.beroset.com/,0
http://4mhz.de/bfdev.html,0
http://www.viworld.com/,0
http://www.argonblue.com/,0
http://meyerweb.com/,0
http://www.funshare.mobi/,0
http://www.alternativepedia.com/,0
http://www.kasrl.org/jaffe.html,0
http://www.multiagent.com/,0
http://www.data-compression.info/,0
http://www.accrepairs.com/,0
http://www.globalstar.com/,0
http://www.easycomm.co.in/,0
http://www.ephonecards.com.au/,0
http://www.fibertelcontractors.com/,0
http://www.americanhelpdesk.com/,0
http://www.globalentrepreneurshipconsortium.org/,0
http://howtofreelance.com/,0
http://www.nofussaccounting.com/,0
http://www.homeworkingmom.com/,0
http://www.jewelryshopkeeper.com/,0
http://www.realtyexecutives.com/,0
http://www.naiglobal.com/,0
http://www.globalvaluation.com/,0
http://www.sunbeltnetwork.com/,0
http://www.selfstoragebrokersofamerica.com/,0
http://www.retailstudy.com/,0
http://www.recapadvisors.com/,0
http://www.skylinepacific.com/,0
http://www.lawyersadvantage.com/,0
http://www.stocktrading.com/,0
http://www.futurefunds.com.au/,0
http://www.institutionalfunds.com/,0
http://www.equitypandit.com/,0
http://www.jpaerospace.com/,0
http://www.oysterknife.co.nz/,0
http://www.southislandaquarium.com/,0
http://www.industrialsystems.us/,0
http://www.treemaintenance.com/,0
http://www.unitednature.com/,0
http://www.cmaauctions.com/,0
http://www.milestoneproductions.ie/,0
http://www.atma.com.au/cbk/,0
http://www.accaglobal.com/,0
http://www.treasurers.org/,0
http://www.agacgfm.org/,0
http://www.aiaponline.com/,0
http://www.stevesaircraft.com/,0
http://www.sunshineaircraft.com/,0
http://www.vicair.net/,0
http://www.worldwideaircraft.com/,0
http://guysaircraft.com/,0
http://www.jacobstrading.com/,0
http://www.centralsupplyandrubber.com/,0
http://www.precisiontrucks.com/,0
http://www.falcontrailers.com/,0
http://www.parkwaywrecker.com/,0
http://www.combswrecker.com/,0
http://www.costdownconsulting.com/,0
http://www.accountservices.com/,0
http://www.nolarindustries.com/,0
https://www.swmintl.com/,0
https://www.nextenergysolarfund.com/,0
https://www.seqifund.com/,0
https://www.synconaltd.com/,0
https://www.woodplc.com/,0
https://www.sabreplc.co.uk/,0
https://www.cta.tech/,0
https://www.nyse.com/index,0
https://www2.deloitte.com/uk/en.html,0
http://www.hunttextiles.com/,0
https://www.vesuvius.com/en/index.html,0
https://iocl.com/,0
http://www.quixotegroup.com/,0
http://www.adepto.com/,0
http://measuredsolutions.com/,0
http://www.dctleathers.com/,0
http://www.electrosonic.com/,0
http://www.avistarentals.com/,0
http://www.photosoundav.com/,0
http://www.nextwavemedia.com/,0
http://www.scottygroup.com/,0
http://www.tradefirst.com/,0
http://mtmleadership.co.uk/,0
http://lightningstrikestudios.com/,0
http://www.script-fix.com/,0
http://onesourcerelocation.com/,0
http://www.relocationmoverservices.com/,0
http://www.writeworks.biz/,0
http://www.epicurusconsulting.com/,0
http://www.freelancers.net/,0
http://www.interchangegroup.com/,0
http://www.smartdesks.com/,0
http://www.artbizdesign.com/,0
https://www.ncr.com/company/blogs/financial,0
https://www.americanbanker.com/,0
https://www.starlingbank.com/blog/,0
https://www.depositaccounts.com/blog/,0
https://www.columbiabank.com/,0
https://blog.watrust.com/,0
https://www.imb.com.au/blog,0
https://oceanfirst.com/about/blog/,0
https://www.rocklandtrust.com/welcome-to-rockland-trust,0
https://www.amalgamatedbank.com/newresource,0
https://www.chime.com/blog/,0
https://bankunderground.co.uk/,0
https://bankingsupport.info/,0
http://www.whomedigital.com.au/,0
http://www.whomedigital.com.au/,0
http://www.scanstar.com/,0
https://www8.hp.com/in/en/home.html,0
http://www.gpscheap.com/,0
http://www.absbattery.com/,0
http://www.electroshops.com/,0
http://www.cleanridge.com/,0
http://www.creativepetgifts.com/,0
http://www.htmarket.com/,0
https://thrivemarket.com/web/membership/welcome,0
http://www.teasingeroticstories.com,0
http://xxxfuckstories.com/,0
http://www.sexstories-wives.com/,0
http://www.1stsexstories.com,0
http://www.sexstories-archive.com,0
http://www9.kinghost.com/fetish/hentaibee/,0
http://www.geohost.net/adm/zulu/,0
http://www.little-hooters.com/nude_gallery/gaymale/index.htm,0
http://www.direct-uk.com,0
http://www.freepornpasswordsforwomen.com/naked-studs/5index.html,0
http://www.mypleasure.com,0
http://www.oldwomen.org/,0
http://www.webcamslave.com,0
http://www.buyeuroporn.com/,0
http://www.analdreamhouse.com/30/03/agecheck/index.html,0
http://www.world-sex-news.com/,0
